Reference Number;date_called
2798715;2026-03-16
2822108;2026-03-16
2829009;2026-03-16
2822055;2026-03-16
2828407;2026-03-16
2805709;2026-03-16
2828652;2026-03-16
2828441;2026-03-16
2828617;2026-03-16
950230;2026-03-16
2824736;2026-03-16
2828733;2026-03-16
2778934;2026-03-16
2532673;2026-03-16
2631758;2026-03-16
2588681;2026-03-16
2740351;2026-03-16
2828456;2026-03-16
2826933;2026-03-16
2764706;2026-03-16
2820340;2026-03-16
2827968;2026-03-16
2623737;2026-03-16
1249295;2026-03-16
2752233;2026-03-16
2767573;2026-03-16
2827665;2026-03-16
2802008;2026-03-16
2759819;2026-03-16
2827557;2026-03-16
2827540;2026-03-16
2827737;2026-03-16
2809851;2026-03-16
2827566;2026-03-16
2821782;2026-03-16
2826781;2026-03-16
2827363;2026-03-16
2807970;2026-03-16
2816509;2026-03-16
2825691;2026-03-16
2789405;2026-03-16
2827300;2026-03-16
2780154;2026-03-16
2827096;2026-03-16
2822883;2026-03-16
2816438;2026-03-16
2787877;2026-03-16
2826798;2026-03-16
2826801;2026-03-16
2826659;2026-03-16
2807728;2026-03-16
2812065;2026-03-16
2825950;2026-03-16
2780208;2026-03-16
2818014;2026-03-16
325682;2026-03-16
2825797;2026-03-16
2805487;2026-03-16
2822994;2026-03-16
2825491;2026-03-16
2632778;2026-03-16
2824272;2026-03-16
2825834;2026-03-16
2821388;2026-03-16
2804837;2026-03-16
2766061;2026-03-16
2795775;2026-03-16
2760644;2026-03-16
2762468;2026-03-16
2682506;2026-03-16
2821167;2026-03-16
2822811;2026-03-16
2824670;2026-03-16
2808901;2026-03-16
2772287;2026-03-16
2747112;2026-03-16
2816203;2026-03-16
2810822;2026-03-16
2814563;2026-03-16
2756615;2026-03-16
2823462;2026-03-16
2204789;2026-03-16
2716765;2026-03-16
2787638;2026-03-16
2795320;2026-03-16
2786131;2026-03-16
2824483;2026-03-16
903734;2026-03-16
2820535;2026-03-16
2781489;2026-03-16
2747107;2026-03-16
2805005;2026-03-16
2823769;2026-03-16
2823951;2026-03-16
2763897;2026-03-16
2823691;2026-03-16
2820011;2026-03-16
2726213;2026-03-16
2814903;2026-03-16
2801525;2026-03-16
2777349;2026-03-16
2651270;2026-03-16
2823197;2026-03-16
2823182;2026-03-16
2803744;2026-03-16
2822896;2026-03-16
2814078;2026-03-16
2785783;2026-03-16
2796594;2026-03-16
2813381;2026-03-16
2804312;2026-03-16
2822467;2026-03-16
2756881;2026-03-16
2771998;2026-03-16
2779404;2026-03-16
2822282;2026-03-16
2818549;2026-03-16
2822076;2026-03-16
2758032;2026-03-16
2817122;2026-03-16
2807540;2026-03-16
1846608;2026-03-16
2816261;2026-03-16
2821508;2026-03-16
2821597;2026-03-16
2817617;2026-03-16
2812950;2026-03-16
2778225;2026-03-16
2714842;2026-03-16
2472542;2026-03-16
2820769;2026-03-16
2820490;2026-03-16
2490183;2026-03-16
2781195;2026-03-16
2795569;2026-03-16
2763099;2026-03-16
2819050;2026-03-16
2723043;2026-03-16
2680326;2026-03-16
2615735;2026-03-16
2810575;2026-03-16
2806320;2026-03-16
2816334;2026-03-16
2818613;2026-03-16
2613888;2026-03-16
2746621;2026-03-16
2731969;2026-03-16
2639634;2026-03-16
2397698;2026-03-16
2818359;2026-03-16
2773465;2026-03-16
2804603;2026-03-16
2817945;2026-03-16
2801459;2026-03-16
2805921;2026-03-16
2817581;2026-03-16
2788003;2026-03-16
2817766;2026-03-16
2806617;2026-03-16
2817506;2026-03-16
2808319;2026-03-16
163788;2026-03-16
2789187;2026-03-16
2727227;2026-03-16
2251223;2026-03-16
2636427;2026-03-16
2766633;2026-03-16
2812266;2026-03-16
2807114;2026-03-16
399671;2026-03-16
2500149;2026-03-16
2816673;2026-03-16
2809505;2026-03-16
2815707;2026-03-16
2789710;2026-03-16
2782422;2026-03-16
2655643;2026-03-16
2785033;2026-03-16
2813575;2026-03-16
2815881;2026-03-16
2816038;2026-03-16
2816169;2026-03-16
2815530;2026-03-16
1685144;2026-03-16
2815827;2026-03-16
2815733;2026-03-16
2810800;2026-03-16
2815797;2026-03-16
2782540;2026-03-16
2775643;2026-03-16
2813869;2026-03-16
2784656;2026-03-16
2789916;2026-03-16
2777544;2026-03-16
2814907;2026-03-16
2781553;2026-03-16
2784129;2026-03-16
2743584;2026-03-16
2814500;2026-03-16
2807966;2026-03-16
2813820;2026-03-16
2802666;2026-03-16
2785451;2026-03-16
2799067;2026-03-16
2739208;2026-03-16
2812296;2026-03-16
2767659;2026-03-16
2746749;2026-03-16
2813701;2026-03-16
2746521;2026-03-16
2813286;2026-03-17
2771638;2026-03-17
2813209;2026-03-17
2764091;2026-03-17
2698523;2026-03-17
1101482;2026-03-17
2809258;2026-03-17
2803196;2026-03-17
2807346;2026-03-17
2812564;2026-03-17
2766750;2026-03-17
2809760;2026-03-17
2645420;2026-03-17
2812219;2026-03-17
2803910;2026-03-17
2807810;2026-03-17
2722211;2026-03-17
2777491;2026-03-17
2798249;2026-03-17
2779064;2026-03-17
2811612;2026-03-17
2811446;2026-03-17
2773541;2026-03-17
2580368;2026-03-17
2677568;2026-03-17
2745318;2026-03-17
2433040;2026-03-17
2804785;2026-03-17
2810779;2026-03-17
2807777;2026-03-17
2782416;2026-03-17
2787304;2026-03-17
2676286;2026-03-17
2740735;2026-03-17
2805160;2026-03-17
2809914;2026-03-17
2809940;2026-03-17
2809946;2026-03-17
2772504;2026-03-17
2611855;2026-03-17
1826420;2026-03-17
2707459;2026-03-17
2809627;2026-03-17
2210079;2026-03-17
2809557;2026-03-17
2809532;2026-03-17
1337005;2026-03-17
2722614;2026-03-17
2437956;2026-03-17
2808880;2026-03-17
2234649;2026-03-17
2703075;2026-03-17
2759186;2026-03-17
2327085;2026-03-17
2806636;2026-03-17
2806554;2026-03-17
2807229;2026-03-17
2807309;2026-03-17
2616413;2026-03-17
2801493;2026-03-17
2788681;2026-03-17
2796457;2026-03-17
2728716;2026-03-17
2795629;2026-03-17
2764820;2026-03-17
2754223;2026-03-17
2805928;2026-03-17
2793214;2026-03-17
2788765;2026-03-17
2805099;2026-03-17
2804975;2026-03-17
2804800;2026-03-17
2796045;2026-03-17
2804314;2026-03-17
2767984;2026-03-17
2307379;2026-03-17
2708912;2026-03-17
2763688;2026-03-17
2614365;2026-03-17
2777003;2026-03-17
2782976;2026-03-17
2801570;2026-03-17
2802551;2026-03-17
2719332;2026-03-17
2802015;2026-03-17
2802058;2026-03-17
2787788;2026-03-17
2795922;2026-03-17
2799074;2026-03-17
2658354;2026-03-17
2790195;2026-03-17
2704215;2026-03-17
2676367;2026-03-17
2800105;2026-03-17
2800029;2026-03-17
2735121;2026-03-17
2595472;2026-03-17
2782871;2026-03-17
2798911;2026-03-17
2761929;2026-03-17
2788546;2026-03-17
2797468;2026-03-17
2569659;2026-03-17
2768135;2026-03-17
2797348;2026-03-17
2794296;2026-03-17
2797051;2026-03-17
2737804;2026-03-17
2392310;2026-03-17
2713556;2026-03-17
2776875;2026-03-17
2678350;2026-03-17
2757605;2026-03-17
2677096;2026-03-17
1727391;2026-03-17
2779654;2026-03-17
2734424;2026-03-17
2750623;2026-03-17
2788079;2026-03-17
2771295;2026-03-17
2773318;2026-03-17
2793877;2026-03-17
2790983;2026-03-17
2732993;2026-03-17
2786015;2026-03-17
2288940;2026-03-17
455351;2026-03-17
2786035;2026-03-17
2651016;2026-03-17
2792472;2026-03-17
2063614;2026-03-19
2785302;2026-03-19
2792321;2026-03-19
2759332;2026-03-19
2791365;2026-03-19
2791286;2026-03-19
2786437;2026-03-19
2732785;2026-03-19
2539767;2026-03-19
2558762;2026-03-19
2790716;2026-03-19
2790493;2026-03-19
2772898;2026-03-19
2790281;2026-03-19
1488535;2026-03-19
2782944;2026-03-19
2753531;2026-03-19
2774242;2026-03-19
2789146;2026-03-19
2788610;2026-03-19
2568167;2026-03-19
2787939;2026-03-19
2788018;2026-03-19
2783698;2026-03-19
2748573;2026-03-19
2787071;2026-03-19
2339352;2026-03-19
2786539;2026-03-19
2769249;2026-03-19
2785748;2026-03-19
2762013;2026-03-19
2763117;2026-03-19
2782919;2026-03-19
2785281;2026-03-19
2435777;2026-03-19
2804357;2026-03-19
2690673;2026-03-19
2784005;2026-03-19
2739779;2026-03-19
1771440;2026-03-19
2782922;2026-03-19
2763260;2026-03-19
2729967;2026-03-19
2783716;2026-03-19
2708493;2026-03-19
2766095;2026-03-19
2715280;2026-03-19
2707417;2026-03-19
2836717;2026-03-23
2836666;2026-03-23
2836816;2026-03-23
2836470;2026-03-23
2804665;2026-03-23
2662693;2026-03-23
2729973;2026-03-23
2803270;2026-03-23
2833060;2026-03-23
1503099;2026-03-23
2788554;2026-03-23
2736335;2026-03-23
2835579;2026-03-23
2748534;2026-03-23
2825136;2026-03-23
2798943;2026-03-23
2836469;2026-03-23
2829988;2026-03-23
2836311;2026-03-23
2836145;2026-03-23
2781857;2026-03-23
2837019;2026-03-23
2836992;2026-03-23
2667110;2026-03-23
2835114;2026-03-23
2799742;2026-03-23
2829905;2026-03-23
2834449;2026-03-23
2836301;2026-03-23
2835365;2026-03-23
2378610;2026-03-23
2836168;2026-03-23
2835701;2026-03-23
2773973;2026-03-23
2835967;2026-03-23
2832895;2026-03-23
2835113;2026-03-23
2836326;2026-03-23
2835947;2026-03-23
2835559;2026-03-23
2627701;2026-03-23
2636583;2026-03-23
2836183;2026-03-23
2826718;2026-03-23
2827090;2026-03-23
2704006;2026-03-23
2767647;2026-03-23
2793004;2026-03-23
2835870;2026-03-23
2820805;2026-03-23
2835465;2026-03-23
2820925;2026-03-23
2835444;2026-03-23
2835804;2026-03-23
1475035;2026-03-23
2824673;2026-03-23
2835739;2026-03-23
2692350;2026-03-23
2835627;2026-03-23
2833587;2026-03-23
2829552;2026-03-23
2767127;2026-03-23
2797187;2026-03-23
2832753;2026-03-23
2818336;2026-03-23
706490;2026-03-23
2835336;2026-03-23
2832702;2026-03-23
2803191;2026-03-23
2122613;2026-03-23
2823063;2026-03-23
2834894;2026-03-23
2820573;2026-03-23
2794354;2026-03-23
2834873;2026-03-23
2830389;2026-03-23
2831352;2026-03-23
2824298;2026-03-23
2834556;2026-03-23
2796481;2026-03-23
2834403;2026-03-23
2831872;2026-03-23
2783661;2026-03-23
2834292;2026-03-23
2451722;2026-03-23
2831511;2026-03-23
799946;2026-03-23
2828071;2026-03-23
2834205;2026-03-23
2834392;2026-03-23
2704025;2026-03-23
2788388;2026-03-23
2795411;2026-03-23
2786652;2026-03-23
2828627;2026-03-23
2823961;2026-03-23
2780188;2026-03-23
2778860;2026-03-23
2005504;2026-03-23
2833307;2026-03-23
2817268;2026-03-23
2812127;2026-03-23
1845156;2026-03-23
2709582;2026-03-23
2833471;2026-03-23
2833123;2026-03-23
2829232;2026-03-23
2813559;2026-03-23
1170205;2026-03-23
2822054;2026-03-23
1532132;2026-03-23
2831655;2026-03-23
1934102;2026-03-23
2829837;2026-03-23
2821612;2026-03-23
2737935;2026-03-23
2830522;2026-03-23
2709396;2026-03-23
2831841;2026-03-23
2832173;2026-03-23
2832144;2026-03-26
2832071;2026-03-26
2831888;2026-03-26
2829150;2026-03-26
2757900;2026-03-26
2832124;2026-03-26
2830719;2026-03-26
2416069;2026-03-26
2147466;2026-03-26
2830674;2026-03-26
2687327;2026-03-30
2171287;2026-03-30
2743243;2026-03-30
1814597;2026-03-30
2830484;2026-03-30
2843943;2026-03-30
2368305;2026-03-30
2829919;2026-03-30
2791880;2026-03-30
